,email,name,nickname,password,hash_password
0,qeAwagMuDSqq@naver.com,원갈헌,서서와존,4186772504,$pbkdf2-sha256$29000$MSbEeI/R2ru3NmbsnXMuRQ$kC6.2GcEir.FvnDvR7v5S51ZidcwCnIfYHXLVYdUnMs
1,twBjTyoyhkHR@github.com,표삭복,옥탁섭소렴,7344595215,$pbkdf2-sha256$29000$ZyzF.N/737sXovQ.Z0zpPQ$j1ym9uBVgdZ3oF44BsbAsI/TNWkoisdOn7yz5pgv.38
2,ymXGBPmgmglw@gmail.com,반례훌,최최삼녑붕,8394086926,$pbkdf2-sha256$29000$F.I8x5hTKkWIMca4l7I2Jg$xtP/uUACsx5Vo4cwci0lcqn8tMY/t7fhEFUD2ZGvtao
3,bfUnlpFdljnI@gmail.com,동흉능,도훙각난,5141810457,$pbkdf2-sha256$29000$0Lq3tlZKae19r1VKqfXeGw$Ur4tGEuieCcNZ5cj3ITUrLMAT6msSyEV7hxF1x1/gdE
4,SHxkXXyOurEQ@naver.com,계궐애,승성견의면긍,7905776410,$pbkdf2-sha256$29000$YmzNmfP./z9HaO39f68V4g$yG9E2kRtL46nrqAPLKpulJXpNwEdQoA1EFiESV6mQiw
5,qHETLjQamDjc@naver.com,라휴볼,서노엄려납앙,5241360106,$pbkdf2-sha256$29000$EIJwTul9r5USYgxh7F1rbQ$dWloU0nwqDc2GbKJ1ptmD5fsHo0AGR03H4jlQjv.JJA
6,NcQFvXdxQbir@kakao.com,방십뇨,이민장장갹훈,5453708743,$pbkdf2-sha256$29000$DgHAOMcYA.AcI4Rwbm3tvQ$SCRxTxT.DL66ifqwTtlXzj/r9M.ia282XD0s9R299gM
7,ghOZvtsnKOWj@gmail.com,민순재,형최부임총무봉,3534986770,$pbkdf2-sha256$29000$Rqh1jtFaCwFAaE0pRej93w$uxW/Lyj.5X4r8T0HnJB68z4Iyk9EQPkC8Fp8LFgz1R4
8,AKSUPgujePkU@kakao.com,팽합랍,방복금업환언,1413949931,$pbkdf2-sha256$29000$tHZOae39n9P63/u/tzZGKA$6wvq0ERBa22jX6mBv28OW3.LvkWE32R6sFW2x6OGu9U
9,dbmchdEyccTo@naver.com,맹련핍,견진심몰철칩,6554929922,$pbkdf2-sha256$29000$YKw1pjRGqPX.v5fSei.l9A$PsOMIVLm/DT0kB91pPJRCb6aF8u7TIE5zB70P/.L1v0
10,aNtHsWYSUfKo@naver.com,채밀렵,강세탄해,3051131404,$pbkdf2-sha256$29000$FGLMGQPAuDcGAICwVooxZg$AaNk9OU2CXfXlRDvqOwR6HsstoDW40HZcoH8u.gDeM8
11,KZKYiBRgeJny@gmail.com,음래주,표신가하여귤패,4012717108,$pbkdf2-sha256$29000$hxCCUIoxJiSkFMI4Z0wppQ$L2hMby9zofyscn15K6iv/cphVLrU4Uie8ymle.QjjLw
12,TvkXaTkVKxLz@kakao.com,위저고,주강눌글교,3625899289,$pbkdf2-sha256$29000$bo2xlhLivBeidK51DmEspQ$cpSZzWEn7iJCn8K0/5R7aboz55c9ggGS7JGIFDw84yA
13,iPjfICcnPaap@gmail.com,단우객,화계고림잉둔,7085773129,$pbkdf2-sha256$29000$hlBKCSFEaO39HwPgvNf6Pw$jwoEmwO/xTgts/pG9kgwY2pW0nqSh43VAq1AAVWDVys
14,kpVwYJiAJjJH@kakao.com,임백양,호목한수묘,8628763537,$pbkdf2-sha256$29000$JsT4H.Occ26N8T5HCAFgTA$2wI5U9063/1Q1G9uX3bFR8x0jyiNDJlrMmOUaniRWig
15,VAahxRAlXOYG@naver.com,어채파,주원릉학갹,8762189735,$pbkdf2-sha256$29000$AWDsfe/9n/M.B2AM4VyrNQ$8hvK9Jakypl1UHoDRfGbGU4RYIcRK9g1uSX6IfDeEQ4
16,xCcCrYZNAdFn@github.com,갈노탱,소견계율담,5264918426,$pbkdf2-sha256$29000$m1PqnZOyNkYIYYwxZgxBqA$C.exDURC4Tsz1955Nd4M8ORYNbkAvz9SCpDhYJNOMlA
17,dbEMhwVwZFXh@gmail.com,홍륜왈,견구간은흔황륵,1153548734,$pbkdf2-sha256$29000$xtibMyZkLOUcA8AYA8A4pw$4i4OApcytGoEX.rLEWTfNMukPFktkvF2BuQ6TzU0f54
18,FhSBYlZRDJPb@kakao.com,고취건,권민탁서배랑문,9994666968,$pbkdf2-sha256$29000$612L0VqLMQYgJISQUmptLQ$Oo.pd5q0ij9a2OF3p/hDedj1Xm7z2gj6HTZDFaIZjOA
19,luIwlbYaJxly@kakao.com,석눈쾌,상백현명풍라착,9409798454,$pbkdf2-sha256$29000$gbAW4pzTGqO0lrL2XovxHg$cYXZPSERbRFeXb04FaEcPNz6/RxgAoJFmRGU6JUwRj0
20,fuLmfusggDtr@gmail.com,금퇴압,단정사심지풍휼,1168965259,$pbkdf2-sha256$29000$MmbMOWdMKUUIoZQyJsQYww$crZvE0C67s.1BK9OtDmLvN2fNpgDoL296BaRPl0DJKg
21,uBUPYluNdfgy@naver.com,남솔몰,공휘친륭,3366581926,$pbkdf2-sha256$29000$RAiB8P6/t3ZOaY2xViqllA$/arMLxSnc/iuS5Jhr3KEWxXzwxPMNvMds6b2B0gSEoQ
22,TAvtZDeoVDIS@kakao.com,엄해숙,옥왕합창이,6966304489,$pbkdf2-sha256$29000$khLCeK8Vwthb612L0bqXcg$wt37..9WGZ/yoeJ/p9gKmM59ECMaMrW0JsvqCUet448
23,MTaChBHsSAAx@naver.com,문하모,진선어년연후,8607046197,$pbkdf2-sha256$29000$BICQEmKMcQ5hjFEqZex9jw$gDReo8yIL4I.fwefiYK/UyGukEfEm2Q6MWOwW5whBso
24,ebdrDxqqXmbU@gmail.com,지융밀,공고선석간을곤,4458883162,$pbkdf2-sha256$29000$n5NSKsX4PweAcK41pjTmfA$282PBNJp.Cn0NHKL4P5jzM58FaKIasbm3ABlgslrq3Q
25,QJxzFDKfYFsU@naver.com,변허실,계탁취액,4018730495,$pbkdf2-sha256$29000$y3mv1ZozppTynvM.B2Ds3Q$WL2iklyoM.n8wFVsqvz958GH5vrVg3zVf1mBDs7stcA
26,ltqXREBRkaEV@github.com,원훼휴,지노여여병교응,6291578063,$pbkdf2-sha256$29000$BkAohTCGkNKaU0ppDYFwLg$cttHHzQcrF723N9EMH9JS7.ZDirsp7k4Y89KHJAhIdA
27,PXSFmAjMmPVM@gmail.com,심낙첩,허위사좌슬국래,2460356113,$pbkdf2-sha256$29000$AADAGGMMISREqBVi7H3v3Q$GM59hVy1XSj3eBKKprIWDOHHbthWFKXrVZgIpqZIzQY
28,MHSJttluvVtU@kakao.com,유향당,왕맹맹당설빈혼,7011443033,$pbkdf2-sha256$29000$FeJ8L8V4T0mJMUaIsdZa6w$dLUbwPFYaLNdw4TQvGN7U02PNIgwwsxhG8JgJQ2kYA8
29,istoVEPwDuiq@github.com,단유패,손올발웅,6588510654,$pbkdf2-sha256$29000$v3eOsfY.h9Dau3cupRTiXA$SnTd3xlEB28a/01XkmXU3S3CchABA68P5ckHPGbRd1A
30,FWbXbwYzxvXF@github.com,육엔조,성금구모붕혁,3610921426,$pbkdf2-sha256$29000$ttbaO.e81/p/L4Vwztm7dw$.puLGE1v79J1dJNBpK2cynL/rdLRePTXsTvGcH.iwBs
31,CQJnTKUcjhTD@kakao.com,유특몌,표업취갑,1864882014,$pbkdf2-sha256$29000$EGJMCeFcSymltNaas/Z.jw$8vQK4xfjHjZYNvwcpc2uFCt2XK1ceVPjFa/O9Q51VX4
32,RRrxlmYWRNmb@kakao.com,인애접,두조칭전녀,1793707750,$pbkdf2-sha256$29000$VUrpPQcAIGRMiZFyztl7rw$TmzlsWY1x.EC0srehud34rMYsR/BQ53eASzXQcLrn8U
33,itIgAoomKWCq@kakao.com,금세첨,원촌태객,1754842110,$pbkdf2-sha256$29000$.b/XurfWGiNEqPXeu7d27g$PeRIXHDsQRJL2bQUdQkLkstX7V5u2abofB2p.XcY5AI
34,cJsxFmaGNWgH@kakao.com,손즙몽,온태우공란내,7349849052,$pbkdf2-sha256$29000$vBcCICQkpFTKmfO.9z5H6A$oSj9jaqcy6wcMO9w5jaK.bAIZoKmPLjBIyUAtnw8oqQ
35,wIsGkIxjofSI@gmail.com,고히완,탁어긴진,5946558081,$pbkdf2-sha256$29000$uFeq1XpPac05JySk9L63dg$8N4nlQnRlw7CBfgL./fHUbA.crYFPYDhjhWym4xeybg
36,EyaeIkUYvyRH@github.com,편헌직,지위렵짐항,2212056789,$pbkdf2-sha256$29000$dk7JOcdYq3WOcW5NibGWkg$U8LDsJsfZfKyK6yV16Ry43rqTNAFknUzK5fxhifoI7A
37,cMtNaKPYPUNS@kakao.com,함혜객,방진화할운쾌,2121362306,$pbkdf2-sha256$29000$LiXEeG/t/Z9zDiFECCGktA$gGWR.NFt6IS60GhjtSZyEM2XJQxR2TUda.5FmQA0ZHE
38,WmBkUQHZouvs@naver.com,제획완,강당륙항목,8352241888,$pbkdf2-sha256$29000$7917T8mZsxYihBBCKMVY6w$cGB0lREHzCZb5jE0oALtWQs8h5BdcEuGlLAPy1QW7qw
39,ztmYWTpykCQg@kakao.com,허작훈,피김김황민익픽,4829330403,$pbkdf2-sha256$29000$wHjvPee8V4oxZowR4hxjzA$KW3N6HB6c.sxTTASj/D3Kt95xonoFbUOadUBR/S1NV8
40,LHidnWfEctnu@github.com,왕괴도,용고징탄주,7997906880,$pbkdf2-sha256$29000$GCMkhFAqZaw1JoQwZgyh9A$kMII1xMj/GE7DfUMfN7R5ouh97bsVc3vIPFP1pVumxk
41,xsjUVHSDBRMG@naver.com,황탱쌍,박손분녑,4794669559,$pbkdf2-sha256$29000$xBgDACAEwJiT8p4TorTWWg$GB/9nDBS2ePNVcvLz9URz.eilz.VLS2abXXKI8ey32A
42,VxGPHeNvVXSx@github.com,방퉁축,단남입업연,3556663788,$pbkdf2-sha256$29000$Yey9t5YSovSec.5da80ZIw$gPED/nXEXPt0LIguxpZUv6z17WNQLMg0Gb1H3DL4lT8
43,vrOCJBXHUhoe@naver.com,모두둘,맹복추형격서속,8658712890,$pbkdf2-sha256$29000$QyiF8L7XmpMSAiBEaO0dYw$FRwI8rSbvCIML4mPAtl6jBGQYjoUyNw2EVr2gtQYJaA
44,NsskCQclSSEI@kakao.com,모변합,염구희개왜,4279570556,$pbkdf2-sha256$29000$nZOy1hojpFQqxRjDOEeIcQ$ytYlZkBHaHiLDmWcz3O4HjfimOnyhoylfY5LNiqf1Y8
45,ehSqfKqEUswm@naver.com,유월육,유탁훈법히,9712881516,$pbkdf2-sha256$29000$k9J6rxVCKGVsDWFsTQlBaA$7pdOJViOBxz19mtQLl4F3n.9wok6fKPcBlXAoHBlJ2I
46,XUkkWhRyVAkz@naver.com,추서처,노박인혁오망,6608147867,$pbkdf2-sha256$29000$7j3nXEvpHYMwBoBwbm1t7Q$v0saZZ47u3oUip0AUTDF7evIunwFx9ocadoylA9IAto
47,YMrDnxdRoaGn@github.com,탁식볼,정력범맹,9922818982,$pbkdf2-sha256$29000$HwPgPGcsxXhvzRkDwJiT8g$w66nlEveozPAP9TJvD3QWyNuQwkfogxJIvxS7W3FeQw
48,GSXHARqEoIaH@github.com,음창수,곽용신호압상날,1568520016,$pbkdf2-sha256$29000$NSakFMI4h7C2NsY4x/h/Tw$89WwuSQGVvh7SzU0z.Lt264CbP9lQ7h8muwoPl/Skk4
49,pEBmJTBKzqmE@github.com,도격빈,창국액굉개,4490648972,$pbkdf2-sha256$29000$0JqT8p6TsrZ2zlmLUerduw$U2EfsMK52hRmQ/f6f/A/eWUIxpe0AcP7xewJbFC.po4
